RazonSocial,RFC,Direccion,Telefono,Correo,Descripcion,Fecha
Skidoo,XBHU3060792U2,60631 Grim Alley,801-222-6297,jstorie0@webmd.com,Proactive motivating moratorium,07/08/2020
Jabberstorm,VASI3707418S0,09406 Kinsman Pass,599-821-4432,ksalla1@washingtonpost.com,Secured regional functionalities,22/02/2018
Blognation,PMYF3291080E5,4023 Butterfield Court,341-284-2049,nproudlock2@scribd.com,Triple-buffered fresh-thinking circuit,22/05/2018
Yodoo,YDUC4443606A4,2963 Alpine Center,828-887-6004,ecarillo3@xrea.com,Balanced encompassing archive,29/03/2019
Yodoo,UHXC7670223O9,7667 Thompson Pass,517-841-1141,rpetow4@lulu.com,Reduced actuating matrix,10/03/2016
Eamia,CHKH4248175F2,868 Onsgard Alley,879-520-5433,fboat5@harvard.edu,Monitored next generation intranet,05/08/2019
Edgewire,HUCB9625661R4,53868 Fallview Lane,561-619-2299,jcomo6@unblog.fr,Team-oriented executive matrix,09/07/2017
Jetwire,JGTJ2366680M8,04 Jenifer Lane,806-376-7466,ckinahan7@squarespace.com,Reactive asymmetric software,10/07/2019
Tazz,YLKO2265012N6,41133 3rd Terrace,605-251-6616,dbrazer8@nifty.com,Re-engineered foreground internet solution,27/01/2020
Aivee,NPQM1269239D0,82 Marquette Hill,554-943-9360,hhacksby9@pbs.org,Ergonomic next generation circuit,07/04/2018
Browsetype,WNBR6733007Q2,689 Toban Point,527-489-8143,ebeea@irs.gov,Pre-emptive actuating groupware,18/01/2020
Avaveo,JQEG7727185Q0,42 Delaware Trail,304-504-4482,kcoenb@buzzfeed.com,Devolved client-server system engine,12/11/2018
Yakidoo,YUAH8493880F2,090 Buell Hill,106-597-6523,dbenettoloc@shop-pro.jp,Open-architected fresh-thinking hierarchy,01/05/2019
BlogXS,JHCI5490889A4,507 Anzinger Junction,183-759-7277,thughsd@dot.gov,Virtual zero defect adapter,14/05/2016
Devpulse,TLLP7197007L5,19 Straubel Court,248-337-1572,hberriee@w3.org,Team-oriented transitional synergy,25/11/2015
Skibox,CRSL4591484I8,33231 Warrior Hill,540-218-6642,gocrowleyf@smugmug.com,Persistent zero defect array,10/07/2019
Thoughtsphere,YQYB1691908V2,08 Browning Parkway,630-964-7522,rrandlesong@geocities.com,Cross-platform cohesive analyzer,27/01/2019
Topicblab,NVGJ1010585V8,3 Hansons Pass,763-159-5651,kbeetlestoneh@netscape.com,Total multi-tasking leverage,30/06/2020
Meedoo,UHEN4282816U7,33 Packers Lane,992-523-6003,mandrewi@nymag.com,Customizable bifurcated attitude,10/02/2020
Plajo,RQGO8411778A2,73 Hintze Drive,708-393-4255,pcroutearj@fema.gov,User-centric transitional knowledge base,06/03/2016
