NumeroEmpleado,NombreEmpleado,Telefono,Domicilio,Especialidad,Correo
1,Nanine Sigert,632-800-7072,72 Hoepker Trail,Director of Sales,nsigert0@soundcloud.com
2,William Ingolotti,127-339-4395,568 Maple Pass,Chief Design Engineer,wingolotti1@foxnews.com
3,Padget Goter,304-249-2939,84881 Dayton Lane,Marketing Assistant,pgoter2@gizmodo.com
4,Ellette Chastel,658-587-4284,7 Barby Court,Legal Assistant,echastel3@techcrunch.com
5,Bambie Kirrens,310-792-5664,34935 Anhalt Terrace,Nuclear Power Engineer,bkirrens4@abc.net.au
6,Waylon Egleton,724-865-0800,97968 Schurz Hill,Geological Engineer,wegleton5@weebly.com
7,Brandon Beceril,985-167-2281,9 Annamark Court,Chemical Engineer,bbeceril6@t.co
8,Caroljean Sends,250-637-0956,64743 Hudson Street,Environmental Tech,csends7@etsy.com
9,Hilda Moxstead,823-849-8024,763 Anhalt Lane,Systems Administrator II,hmoxstead8@netscape.com
10,Annabelle Cantwell,260-495-1061,29258 Sunbrook Crossing,Civil Engineer,acantwell9@stanford.edu
11,Bernete Smithyman,721-561-6833,34573 Warner Hill,Desktop Support Technician,bsmithymana@bloglovin.com
12,Abbie Walicki,352-972-2593,063 Moland Point,Analyst Programmer,awalickib@elegantthemes.com
13,Sibley Guidera,321-417-9201,22531 Kenwood Junction,Civil Engineer,sguiderac@senate.gov
14,Wilmer Rushbury,835-601-4189,50506 Canary Pass,Programmer Analyst II,wrushburyd@businessweek.com
15,Anabella Agates,478-106-5927,61385 Scoville Street,Professor,aagatese@ycombinator.com
16,Gage Ferraro,523-325-2344,13284 Namekagon Drive,Account Executive,gferrarof@dropbox.com
17,Kristy Matussow,514-279-4888,174 Meadow Ridge Lane,Food Chemist,kmatussowg@hp.com
18,Dionne Bowgen,253-711-5609,3473 Wayridge Road,Tax Accountant,dbowgenh@mapquest.com
19,Markus Emslie,216-489-3211,38963 Ruskin Way,Information Systems Manager,memsliei@bing.com
20,Ado Canning,421-348-2616,53 Magdeline Center,Food Chemist,acanningj@jalbum.net
